streak_started_at,streak_ended_at,nb_days
2024-07-20T19:55:19,2024-07-20T23:28:09,2
2024-03-06T21:06:42,2024-03-06T21:06:41,1
2024-03-19T18:42,2024-03-20T00:04:16,2
2024-10-12T20:31:16,2024-10-15T17:14:30,3
2024-09-10T14:41:59,2024-09-10T14:41:59,1
2024-10-03T18:49:22,2024-10-05T20:06:52,3
2024-05-02T22:00:26,2024-05-02T22:00:26,1
2024-08-17T17:13:18,2024-08-17T17:13:18,1
2024-03-17T12:28:47,2024-03-17T12:28:47,1
2024-07-28T21:38:32,2024-07-28T21:38:32,1
2024-08-20T20:49:46,2024-08-21T18:09:41,2
2024-05-11T14:40:26,2024-05-11T14:40:26,1
2024-11-01T15:03:25,2024-11-05T09:54:03,4
2024-06-09T20:40:33,2024-06-13T03:47:33,5
2024-05-31T19:46:14,2024-05-31T19:46:14,1
2024-04-26T12:14:45,2024-04-27T13:05:20,2
2024-07-26T13:35:11,2024-07-26T13:35:11,1
2024-04-30T22:10:50,2024-04-30T22:10:50,1
2024-09-25T14:52:42,2024-09-26T11:43,2
2024-09-05T22:42:08,2024-09-05T22:42:08,1
2024-08-13T15:46:13,2024-08-15T14:21:24,3
2024-09-15T15:24:21,2024-09-15T15:24:21,1
2024-07-14T11:46:28,2024-07-15T22:10:37,3
2024-09-17T17:45:02,2024-09-17T17:45:02,1
2024-08-25T19:42:52,2024-08-25T19:42:52,1
2024-09-01T16:12:02,2024-09-02T11:56:36,2
2024-07-03T20:30:12,2024-07-03T20:30:12,1
2024-10-18T18:33:47,2024-10-18T18:33:47,1
2024-06-15T02:49:55,2024-06-15T02:49:55,1
2024-08-28T06:10:07,2024-08-28T06:10:07,1
2024-09-08T18:17:49,2024-09-08T18:17:49,1
